x1,x2,x3,y
-1.3016,1.0183,-0.4286,-7.1752
0.8227,-1.493,-1.4206,5.9587
-0.4259,-0.5621,-1.1436,0.5743
-0.4097,-1.2415,0.5654,1.8807
1.331,-1.4075,-0.2902,6.1672
-0.8849,0.9082,1.816,-2.9335
-0.5244,-0.9825,-0.8769,0.3113
-1.9127,-1.9295,-0.6659,-0.976
-1.2501,-0.8376,1.221,-0.8554
-1.4755,1.8431,1.7685,-7.5574
-0.2212,0.213,1.7935,0.7843
-1.1628,1.987,0.791,-8.5795
1.7,0.3315,1.2959,5.241
-0.6638,1.5893,-0.2276,-6.0135
0.162,0.1088,0.9995,0.5064
-0.7398,1.7042,-1.7948,-4.1869
-1.7599,0.6188,0.0531,-7.0828
0.9273,-1.95,-1.4181,8.0131
0.4804,-0.638,0.394,2.7881
-0.5656,0.5798,-0.904,-2.9619
-1.1384,-1.1378,-0.7935,-1.0138
1.1171,1.8879,-1.5401,1.4518
1.338,-0.3319,1.2049,5.8272
0.2178,-1.1157,0.8971,3.8208
-0.907,1.7719,0.6862,-6.6188
1.7275,-0.4742,-1.4325,7.0316
-1.4459,-0.9038,1.3606,-0.8759
-0.6532,1.0799,0.671,-3.8003
0.443,0.0327,0.4607,1.5897
1.7443,-1.5881,-0.06,8.016
-0.8494,0.7782,1.5387,-3.2471
1.0627,-1.0075,1.0381,4.7392
0.134,1.0898,1.5747,-1.4441
1.8193,-0.6757,-1.553,7.8752
-0.0282,1.8752,-1.9315,-2.4799
-0.5991,-1.3684,-1.13,1.3073
-1.4846,0.9782,0.0015,-6.7863
1.1921,1.3264,-0.4018,1.031
1.8378,-0.4013,1.5344,7.2859
0.8791,1.0517,-0.6683,0.7495
-1.8369,0.0055,0.4988,-4.6429
1.2786,-0.0348,0.3947,3.8475
1.5871,1.4023,0.1741,2.6608
-0.0777,-0.9378,-1.4581,2.3108
1.2268,-1.6843,-0.289,6.8326
0.7944,0.0258,1.1404,2.5338
0.8428,-1.9145,-0.9739,5.7926
-0.8335,0.5793,-1.3077,-2.6289
-1.6903,0.447,-0.0716,-6.027
1.6819,0.8397,-1.89,5.7791
1.3404,-1.9582,-1.7311,9.2294
0.6787,-0.374,0.0086,2.356
-0.7259,1.8701,-0.6057,-6.2473
-1.2,-0.74,1.4209,0.2341
1.003,0.0592,-0.6325,3.3764
-1.3639,-0.3544,1.8608,-1.9811
1.59,0.0814,1.0125,5.6706
-0.3293,0.3171,-0.0819,-1.2141
-1.9183,-0.1673,-0.8857,-4.5253
0.143,1.3704,-1.8903,-0.3378
-0.5339,-0.7415,1.2128,2.0271
-0.9968,-1.3612,-1.0947,0.5915
-0.1441,1.4588,-0.2407,-2.8385
-1.6512,-1.645,-1.2712,-0.6521
1.7763,-1.9977,-0.5637,8.366
1.7601,1.7857,-0.8864,2.8296
0.5239,-0.4449,-0.366,2.1369
-0.0687,1.2182,0.0081,-2.8088
-0.4658,-1.9286,1.4877,4.7497
1.6126,0.6198,1.4209,4.8165
-1.027,0.4763,1.1639,-3.4394
-1.0467,-1.1666,-0.3589,-0.2784
1.9622,0.5502,0.0623,5.4764
0.6835,-0.1339,-0.4195,2.2588
-0.1467,-0.9555,0.2125,1.7061
-1.9793,-0.5528,-1.6383,-3.2438
-1.6992,-0.092,-0.0485,-4.1315
0.9337,-0.0719,1.9576,4.6679
-0.4656,0.052,1.3871,-0.063
0.3665,1.1791,1.4426,0.7305
0.6556,0.8564,1.1226,1.1457
-0.6847,1.7609,-1.4195,-4.8819
-1.0515,-0.4098,-0.0573,-2.4846
0.6455,1.8733,-0.2978,-1.3269
1.199,1.8198,0.6029,0.7799
-1.3558,-0.0608,1.4104,-2.7748
1.3059,1.7055,1.5342,2.3688
-0.866,-0.5569,0.1589,-0.7003
-0.1577,-0.9411,-1.1068,2.2025
-1.2209,1.3374,-1.8548,-5.1769
-1.2648,1.612,-1.563,-7.0284
-0.415,-1.391,0.4532,1.5637
-0.2779,-0.8615,-0.5292,1.0411
-0.6427,-1.0369,-0.8916,1.3939
0.3507,-1.5537,0.1036,3.4663
-1.6685,-0.2649,-1.194,-3.9318
0.6696,0.3148,0.7014,1.4628
1.8533,1.0699,0.5367,4.4355
-0.0807,1.5366,-1.4717,-2.0442
-0.8916,-1.5263,0.2085,0.4518
-0.1687,0.4031,-1.5431,0.1556
0.1754,0.3476,-0.4319,-0.793
-0.9084,0.6171,-1.8627,-1.7363
-1.7035,-0.2036,0.2906,-4.9946
0.9832,-1.0352,-0.3224,5.3323
-1.1,0.3373,-0.5429,-3.684
-0.0543,1.2884,0.9941,-0.7684
1.7194,1.6525,0.139,3.112
-1.712,-0.3707,1.5244,-2.2881
0.213,-1.4998,1.9446,4.6012
-0.4606,-0.9529,-0.0888,1.3058
-1.2211,0.1885,-0.3318,-4.6638
-1.1078,0.1074,0.4282,-4.0342
1.3858,1.3083,1.3694,3.2576
-0.4392,1.0579,0.3854,-3.1112
-1.5469,1.6394,1.3204,-7.3329
-1.2048,-0.3031,1.5253,-1.4399
1.3899,0.3338,0.9653,4.2711
0.1889,0.8566,1.7822,-0.2405
0.6478,-1.2418,1.521,5.7298
1.3991,1.4388,0.5376,2.1307
0.223,-0.8523,-1.3077,4.2491
-0.0005,1.1219,-1.0704,-1.2198
-1.5892,1.4906,1.5064,-7.0395
1.7422,1.621,1.8468,5.0235
-1.4213,-0.1769,0.1417,-3.8753
-0.5665,1.5695,-1.3218,-4.239
0.8928,-1.4142,1.8446,7.0793
-0.5469,1.8004,0.8437,-6.107
0.1048,-1.9371,-1.1065,5.665
1.799,-0.5381,0.4278,6.6962
-0.0964,1.0539,0.9822,-2.2452
-1.6218,1.6705,1.5144,-8.0158
0.3733,-1.7348,1.8318,6.1298
-1.2951,1.3141,0.6743,-7.4603
-0.4315,1.0477,1.248,-3.2289
0.033,0.4284,-0.0142,-1.9706
1.3957,-0.2501,1.9665,6.3023
0.8951,1.5162,0.8187,1.0423
1.4275,0.5773,-0.0738,3.7315
0.3184,-0.7214,-1.1215,3.4693
-1.0431,-1.5674,-1.4497,1.1339
-1.5984,-1.4512,-1.3586,0.5059
-1.0444,1.9491,0.1368,-7.9013
1.0999,-0.865,0.3834,3.9581
-0.763,-0.8398,1.6232,0.4274
1.6821,-1.9489,0.883,9.3696
-1.2407,-1.3799,-0.5599,-0.6466
-0.9013,1.2332,-0.6769,-5.89
-0.6882,-1.6491,-1.9542,3.4286
-1.6405,1.4331,0.154,-8.3161
-1.3603,1.217,0.4994,-6.4709
1.3266,1.1464,-1.0894,2.9102
0.5069,-1.4839,-1.7341,6.4994
-1.3938,1.455,-0.6546,-7.469
0.8159,1.6398,1.9935,2.2675
-1.3423,0.467,-1.7472,-3.6968
-0.4144,0.4877,1.6796,-1.3073
-0.3458,0.3087,-1.6888,-0.4677
-1.4023,-0.4934,0.7819,-2.3061
-0.2508,-1.5238,-1.8531,4.4078
1.0799,-0.5668,0.1742,4.0333
-0.24,-0.8393,-1.4791,2.2303
-1.3234,1.0191,1.9995,-4.1978
-1.0214,0.2383,-1.8932,-1.7201
-0.7487,1.4258,0.091,-5.9579
1.0292,0.694,-0.6289,1.3637
-0.7652,-1.3321,-1.7436,1.7773
0.7982,-1.6699,-1.6575,5.7945
1.4991,-1.9908,-0.01,7.4732
1.9039,-1.3032,-1.4013,8.5642
-1.7716,-0.9309,0.3139,-3.0975
1.2333,1.599,1.2217,1.6996
-0.8,0.0114,-0.406,-2.028
-1.984,0.5112,-0.905,-7.6029
0.0848,-0.9532,-0.7403,2.5586
-0.1766,-1.4275,-1.116,3.7381
0.8331,-1.6859,0.6451,5.2414
-1.6517,0.3897,-1.0977,-5.2469
-0.7725,-1.3316,-0.8219,0.8803
1.7395,-1.4744,0.2779,7.7071
0.8654,-1.2665,1.6047,5.5967
0.8714,-1.4526,-0.6237,5.1991
-0.7,0.5045,-0.8381,-3.596
-0.1741,-1.9924,-1.3816,4.6452
-0.4674,0.3143,0.045,-2.0578
-0.4039,-1.3413,0.3321,1.1648
0.6154,-1.5865,-0.9093,5.5552
1.2339,-1.0513,1.0225,5.5704
-1.158,1.343,-0.4526,-6.598
1.363,-1.6085,-0.555,7.2669
1.0281,-0.8683,1.5323,5.1217
0.6878,1.2023,1.0376,1.4101
1.9081,-0.1036,0.6009,6.1622
-1.907,1.6765,-1.2125,-10.1376
-0.5925,1.2531,-0.7007,-5.0901
-0.2795,0.7651,-1.0648,-2.0167
1.2274,1.3276,0.6674,1.5706
1.7416,-1.3588,0.7846,7.3202
-0.9305,-0.4151,-0.4093,-1.8485
