x1,x2,x3
1.3962,-0.7891,-0.3318
-1.5485,1.7292,-0.5341
1.3817,-0.1169,1.6927
0.1625,0.3607,-0.1967
1.7078,0.3852,-1.3344
0.7693,-0.1485,0.4099
-1.7249,-1.219,0.1441
-0.9184,-1.837,-1.7408
0.3813,0.5084,-0.7729
-0.3534,0.9984,0.1353
-1.2219,0.6062,1.1248
-1.7442,-1.3098,-0.2335
-1.4831,-1.8051,-0.7598
-1.5394,1.2804,1.3009
0.345,-1.5274,-0.5046
-1.4406,-0.0169,1.7088
-0.6598,-0.2442,-0.571
-0.0853,0.558,-0.8239
-1.3768,-1.1687,-1.1874
-1.353,0.4162,0.1668
-1.6932,1.5882,1.3119
-0.6009,1.4463,-0.7517
-0.8692,0.3768,-1.189
-0.2185,0.2353,1.8623
0.628,1.3107,-1.4177
1.714,0.6158,-1.2347
1.971,-1.692,1.5443
-0.6762,-1.0529,0.6561
-1.7878,-0.4155,-1.8392
0.8858,0.1057,0.0001
1.0673,-1.4349,1.6252
-1.8732,0.54,-0.3181
-0.5173,-0.4631,-1.3419
-0.0147,-0.5757,1.4986
-0.1369,-0.1762,-0.607
-0.6696,1.6432,-1.0246
0.5712,-0.0362,-0.3374
-0.6443,-0.1393,1.4504
0.5348,0.7968,-1.0373
-1.1493,1.0456,0.1334
-0.2237,1.571,0.3872
-1.7768,0.4079,-0.308
-0.6917,-0.2544,0.6305
1.1065,-1.8092,-1.8768
1.6829,0.219,-1.7077
0.0611,0.1497,-0.6501
0.9217,-1.9754,1.5589
1.8119,0.0968,-1.2845
-0.1423,1.5531,-1.7778
0.6637,-0.4374,-1.8835
-0.9279,0.3169,1.1779
-0.963,0.0107,1.9332
0.8897,-1.3584,0.7031
1.23,1.0579,1.4442
1.0052,-0.5898,-1.2383
-1.7101,1.6269,1.9485
1.7386,-0.1175,-1.5597
-0.9648,1.1755,1.5353
-0.2143,-1.7884,0.3449
-0.1128,-0.4644,1.1422
1.0934,1.5213,1.8397
0.6569,0.6679,-0.9136
-0.0778,-1.7247,0.9067
-0.3784,1.1177,0.0156
1.3425,0.6921,-1.0862
1.4956,1.8329,1.9271
-1.8491,0.7478,1.6726
-0.5843,-0.7831,-0.19
1.8654,1.0829,-0.8241
-1.241,1.199,1.6934
-0.6479,-0.4359,-0.306
-0.5665,1.1612,-1.1031
0.904,0.7609,-1.1349
-1.9,1.4793,-0.0561
1.1951,0.0597,1.6266
-0.9276,-0.316,1.5183
0.9523,-1.639,-1.3508
-0.7032,-1.705,-1.8352
-1.1985,0.122,-0.6829
-0.2041,0.4977,0.1243
-1.3414,-1.2235,1.6086
-0.698,0.7621,-0.5912
-1.7466,-0.8714,-1.1787
0.4425,-1.0509,0.7725
1.1659,0.1627,-1.4745
-0.4117,-0.0935,0.853
-0.0422,-0.4841,-0.1137
0.5101,0.1628,-1.7321
-0.6505,1.3991,0.6841
1.3036,1.1172,-0.5047
-0.531,1.9028,-1.954
-0.8374,0.9274,-0.6504
-1.1105,-1.018,-0.3701
-1.8058,0.1962,1.7322
0.8393,0.2697,-0.7465
-0.7627,-0.0086,0.2042
-1.5258,1.6857,1.3661
1.5043,0.0521,-0.4704
1.8731,-0.6006,-0.3991
-0.2436,1.2513,-0.0421
-1.0752,0.5987,-1.4454
1.9385,0.2759,-0.2126
-0.6188,1.7535,0.6709
1.0836,-1.2806,0.889
-1.3277,-0.4561,1.5409
-1.8939,-1.2964,-0.2136
0.9351,1.2396,0.0921
1.05,-0.2846,0.5173
0.8765,-1.0613,-0.8507
-1.3279,-0.35,-0.3097
1.3525,-0.0295,-0.3896
-1.141,1.8438,1.1052
-0.5857,-1.1158,1.2377
-1.2685,1.8756,1.0054
0.0601,-0.7984,1.036
-1.356,0.2018,1.073
-0.1364,-0.9934,0.1865
1.338,-0.2833,-1.6545
-1.8659,0.8854,-0.7299
-1.1766,1.788,-0.21
-1.3212,-0.5505,-0.525
0.6019,1.8425,1.5274
1.0318,0.844,1.8886
0.66,1.6361,-0.4887
1.6661,-1.5347,-0.9236
0.5034,1.1764,0.2624
-1.7236,1.2424,1.8537
-1.5339,-1.7802,1.5518
0.165,1.7669,-0.5151
1.1746,-0.8435,0.1924
-0.421,-1.7749,-1.1446
-1.868,1.1614,1.1434
1.6116,-0.8646,1.0253
-1.7019,-1.2955,1.8671
0.4199,0.4655,-1.9558
-1.9287,1.4169,-0.5067
0.0639,-0.0927,-1.4468
1.469,0.0896,-0.6734
1.2444,-0.358,-1.4161
0.6239,-0.7236,-1.2478
0.9187,-0.7018,0.6693
-0.0747,-1.5257,-0.6165
-0.4872,0.9802,-1.0757
1.7987,-0.2188,1.0208
-0.621,-0.669,0.2887
1.88,-1.2289,0.986
-1.6894,0.9844,-1.1647
0.7884,-0.8054,0.4434
1.0678,1.8483,1.6854
1.7693,0.5535,1.2151
1.6502,-1.3193,-0.188
-0.2934,1.0997,-0.5379
0.9375,1.9715,-0.992
1.4658,-0.9716,1.1356
-1.6297,0.7493,-0.3926
0.0976,1.2191,-1.2569
1.5235,0.5606,-0.2211
-0.132,-1.5514,-1.8257
0.2714,1.3019,-1.1149
0.5416,0.3625,-0.5314
-0.0722,-1.1192,-1.8411
-1.3939,-1.1367,0.8295
1.9241,0.9961,1.4154
-0.1992,0.9615,1.4552
-0.3268,0.176,-1.0265
-1.1358,0.5695,0.1671
-1.6418,1.4687,1.6317
0.3655,1.3555,-1.4486
-0.6923,0.4329,-0.5848
1.9783,-1.3124,1.0295
-0.2202,-0.6669,1.16
-1.6108,1.1815,-0.5134
-0.9345,-1.2788,-1.9357
-0.1481,-1.3696,1.746
-1.814,-0.3494,0.6749
-0.807,-1.2941,1.3367
-0.9914,-1.73,1.1711
0.6686,1.5753,1.4369
0.0244,-1.0484,-0.8144
-1.0319,-0.4419,0.252
1.0887,-1.2346,-0.4883
0.5538,0.8052,-1.748
1.7709,-1.6402,-0.8496
-1.8299,-1.0211,-0.3263
1.1682,1.0652,-1.4797
1.1409,1.8004,1.7184
0.2224,-0.0107,-0.8458
-0.5999,-1.7776,1.0463
-1.3143,-0.1934,1.8692
1.1033,0.4143,-1.0014
0.7605,1.2304,0.0274
-0.0745,1.8626,-1.2148
0.8384,-1.148,-0.283
1.391,-1.6002,1.053
0.4941,0.1694,-1.5935
0.0834,1.0612,-0.3329
-1.1084,-1.1413,1.7721
1.4662,0.7522,1.2275
-0.6446,1.4693,1.4657
-1.9396,0.9707,0.1506
1.0097,1.0658,-0.4247
-1.2487,1.5113,1.7016
-1.4309,-0.4021,-1.7086
0.9283,-1.024,1.2633
0.4863,0.2776,-0.3234
-1.6448,-1.1922,1.2645
-1.5605,-1.9152,-1.2075
-1.2519,-0.2814,0.8335
0.7077,0.1128,-0.586
1.3539,0.693,1.3575
0.3279,-0.4288,1.8089
-0.2994,0.6958,1.7454
-1.1045,0.3907,-1.715
1.3629,-1.917,-0.7599
-1.2281,-1.9938,1.8584
0.5396,-1.8644,0.1707
-0.2557,1.7126,-0.9784
-0.0295,0.0996,-0.8737
1.5749,0.7074,-0.1179
-1.8601,-1.7363,1.2023
0.1165,1.3343,1.7572
-0.1406,1.7428,-0.8179
0.897,1.384,-0.1026
1.4986,1.2615,-1.9163
-0.34,1.8682,-1.9554
-0.9214,-0.2182,1.9248
1.6493,1.4152,0.5527
1.9939,-0.6411,0.5293
-1.2878,0.3079,-1.9739
-1.1132,-1.5593,1.7749
-0.3556,0.0539,1.6696
0.3103,0.5653,0.3144
-0.8036,-1.7756,0.3305
1.9823,0.5061,1.4271
0.6209,-1.1149,-0.5024
1.6626,0.1332,0.8014
0.9126,0.8545,-0.9998
-0.5125,-0.7596,1.5418
1.7865,-0.8259,1.747
-1.4155,-0.9668,-1.9065
-1.345,-1.7141,1.1214
0.2842,-1.7699,1.911
1.7161,1.4174,0.4356
-1.0478,-0.9848,0.5815
-1.4331,-1.3026,-1.789
0.4392,0.4031,-0.1554
-1.8762,0.4458,0.0097
1.5951,-1.7854,-1.3537
-1.2791,-0.4159,0.3361
-1.5111,1.826,-1.9228
1.0071,1.7989,-0.9215
1.9938,-1.5397,-1.1998
1.923,-0.3806,0.3594
-0.947,-1.7469,-0.3323
0.02,-1.0602,-1.5261
-0.8436,1.152,0.4871
-1.5263,0.639,1.9259
-1.8448,0.1931,-1.0866
-0.4939,1.2122,-1.7464
0.442,1.6643,1.6547
-0.1675,0.7516,0.6841
-0.6632,-0.5398,-0.0572
-0.0801,1.2811,1.6869
-1.0534,-1.5836,1.9286
0.2522,-1.9101,-0.1739
1.485,-1.1201,-0.0778
0.562,0.9713,-1.7569
-0.8221,1.6307,0.4096
0.9226,-1.9615,-1.0057
1.1135,0.1951,-0.4863
-0.2905,-0.6658,-1.343
-0.6107,-0.5612,-1.2449
0.874,-0.8416,-0.417
-1.5213,-0.001,-0.4161
-1.7051,0.2429,-1.1979
-1.8337,1.6844,1.6451
0.29,1.921,1.066
-0.5142,1.1842,-1.5389
-0.0189,-1.9862,1.951
-1.2277,0.5213,-1.0732
-1.7945,-0.6567,-0.7494
1.6474,-0.6521,0.3378
1.3963,1.3549,0.8504
-1.5246,-1.0695,-1.8065
-0.4082,-0.3488,-1.9714
-0.9896,-0.8355,0.4289
0.3548,0.5234,-0.4235
-1.8439,-1.8827,-1.1422
-0.7364,1.9562,0.1372
0.6337,-1.5175,0.0008
-0.3478,0.8699,-0.6338
1.1796,-1.9108,0.0888
1.9776,-1.4717,-0.7668
1.4328,-0.963,0.5772
-0.397,-0.9976,0.1323
1.531,0.185,-0.7928
-1.1715,1.4991,-1.7487
-0.0651,-1.6858,-0.3922
1.6158,0.3991,1.1185
1.4255,-1.9084,0.115
