number,name,suit,conception,planning,execution,minimum_standard_of_care,notes
1,Childcare Helpers (Kids),Home,"Notice where you will need outside help (sitters, daycare, relatives) before a gap appears.","Keep a short roster of vetted helpers with rates, house rules, and a booking routine.","Book, brief, pay, and debrief each helper; replace anyone who drops off the roster.",Roster has 2+ vetted helpers|Helper booked 48+ hours ahead or a backup is lined up|Helper has emergency contacts and house rules before each visit,
2,Cleaning,Home,Decide what clean enough means for each room and how often it needs attention.,"Build a room-by-room rotation, stock supplies, and decide what is DIY versus hired.","Do the cleaning on schedule, or book and oversee the cleaner, without being reminded.",Bathrooms and kitchen surfaces cleaned weekly|Floors vacuumed or mopped weekly|Supplies restocked before they run out,
3,Dishes,Home,See dishes piling up and know what needs hand-washing versus the dishwasher.,Pick a routine (after each meal or nightly) and keep detergent and sponges stocked.,"Load, run, unload, and hand-wash; clear the sink before bed.",Sink empty before bed|Dishwasher run and unloaded daily|Pots and pans washed the same day,
4,Dry Cleaning,Home,Spot items needing professional care before the event or season that requires them.,"Pick a cleaner, keep tickets, and plan pickups around your route.","Drop off, pick up, put away, and handle any damage or lost-item claims.",Dropped off within 3 days of being flagged|Picked up within a week|Tickets kept until pickup,
5,Garbage,Home,"Know pickup days, bin limits, and what is recyclable or compostable.","Set the pickup-night routine, keep liners stocked, and plan bulk or hazardous disposal.","Empty indoor bins, roll bins to the curb and back, and haul bulk items.",Indoor bins emptied before they overflow|Bins at the curb every pickup day and returned the same day|Recycling sorted correctly,
6,Groceries,Home,"Track what the household is low on and what is coming up (meals, guests, dietary needs).","Keep a running list, pick the store or delivery option, and plan around the week's meals.","Shop or order, bring it home, put it away, and handle substitutions and returns.",Shared list is current and visible to both|Staples never fully run out|Allergies and dietary needs respected|Groceries put away the same day,
7,Home Furnishings,Home,"Notice what the home needs replaced, repaired, or added, within taste and budget.","Set a budget, research options, and agree with your partner before big purchases.","Buy, arrange delivery, assemble or hire help, and dispose of what is replaced.",Purchases over the agreed amount discussed first|Delivery and assembly finished within a stated timeframe|Replaced items donated or hauled away,
8,Home Goods & Supplies,Home,"Watch stock of household basics: paper goods, cleaning supplies, batteries, toiletries.","Choose a reorder method (subscription, bulk, store run) and a restock trigger.","Order or buy, restock every spot, and keep subscriptions tidy.","No basic runs out before restock|Restock trigger defined (for example, one left)|Subscriptions reviewed twice a year",
9,Home Maintenance,Home,"Know what the house needs by season and over its lifetime: HVAC, filters, gutters, appliances, repairs.",Keep a maintenance calendar and a trusted-contractor list; collect quotes for big jobs.,"Do small fixes, hire and supervise bigger ones, and file receipts and warranties.",Seasonal maintenance calendar exists and is followed|Urgent repairs addressed within 48 hours|Multiple quotes for jobs over an agreed amount|Warranties and receipts filed,
10,"Home Purchase/Rental, Mortgage & Insurance",Home,"Hold the big housing picture: lease or mortgage terms, insurance coverage, and key dates.",Calendar renewals and rate reviews; shop coverage and weigh refinance or move decisions with your partner.,"Confirm payments, renew leases and policies, file claims, and keep documents organized.",Renewal and review dates on the shared calendar|Policy documents stored where both partners can find them|Payments never late,
11,Hosting,Home,Decide when the household entertains and what guests will need.,"Set date, guest list, menu, and house prep; divide up who does what.","Prep the house and food, host, and clean up afterward.",Menu and headcount confirmed a week ahead|House guest-ready before arrival|Cleanup finished by the next day,
12,Laundry,Home,"Track what is dirty, what is needed soon, and which items need special care.","Set laundry days and a system for sorting, washing, drying, folding, and putting away.","Wash, dry, fold, and put away for the household; handle stains and mending.",Hamper never overflows|Clothes folded and put away within a day of drying|Detergent and stain treatments stocked,
13,Lawn & Plants,Home,"See what the yard and indoor plants need by season: mowing, watering, pruning, pests.","Schedule recurring tasks, buy supplies on time, and plan any contractor help.","Mow, water, weed, and tend plants; handle seasonal cleanup.",Lawn kept to an agreed standard|Plants watered on schedule|Seasonal cleanups done on time,
14,Mail,Home,"Remember that mail and packages carry bills, deadlines, and documents that matter.",Set a sorting routine and a landing spot for incoming items; decide how to handle junk and forwarding.,"Collect, sort, open, route, and act on or file everything; handle package returns.",Mail collected daily and sorted within 24 hours|Time-sensitive items flagged to the right person|Junk recycled immediately,
15,Meals (Kids; School Lunch),Home,"Know each child's lunch needs, preferences, allergies, and school rules.",Plan lunch components for the week and stock containers and ingredients.,"Pack lunches or load lunch accounts, and wash containers each day.",Lunch ready before departure every school day|Meets school allergy rules|Containers washed the same evening,
16,Meals (Weekday Breakfast),Home,"Know who eats what and when, and what will run out.","Plan a few simple, repeatable breakfasts and keep staples stocked.",Prepare and serve breakfast and clean up.,Breakfast ready before departure|Staples on hand for the week|Kitchen cleared before leaving,
17,Meals (Weekday Dinner),Home,"Notice what dinners need to work around: schedules, preferences, leftovers.","Plan the week's dinners, match the grocery list, and decide cooking versus takeout nights.","Cook, serve, clean up, and manage leftovers.",Weekly dinner plan exists by Sunday|Dinner on the table by an agreed time|Leftovers stored properly and used within 3 days,
18,Meals (Weekend),Home,"Account for weekend schedules, guests, and family preferences.",Plan weekend meals and shopping ahead of time.,Cook or arrange meals and handle the cleanup.,Weekend meals planned by Friday|Ingredients bought before they are needed|Kitchen reset after each meal,
19,Memories & Photos,Home,Decide which moments are worth capturing and keeping.,"Choose a system (cloud, albums, yearbook) and a regular curation time.","Back up, organize, and print or share photos and keepsakes.",Photos backed up automatically|Annual album or book completed|Keepsakes stored safely,
20,Money Manager,Home,"Hold the picture of household finances: income, bills, debts, savings goals, and upcoming costs.","Set the budget, bill-pay system, and review rhythm with your partner.","Pay bills, reconcile accounts, track spending, organize tax records, and report back on a schedule.",Bills paid on time with no late fees|Monthly money review with partner|Tax records organized and filed on time|Both partners can see the current picture,
21,"Storage, Garage & Seasonal Items",Home,"Know what is stored, where it lives, and what the coming season needs.",Set an organization system and a seasonal swap schedule.,"Rotate seasonal items, label bins, and keep storage areas usable.",Bins labeled and findable|Seasonal swap done at each season change|Storage areas free of clutter,
22,"Tidying Up, Organizing & Donations",Home,Notice clutter and drift before it becomes a problem.,"Set zones, a routine, and a donation system.","Tidy daily, organize on a schedule, and deliver donations.",Common areas reset daily|Donation items out of the house within 2 weeks|One decluttering session per season,
23,Auto,Out,"Track each vehicle's maintenance, registration, insurance, and safety.","Calendar service intervals and renewals, and pick a trusted mechanic.","Schedule and deliver for service, renew registration and inspections, and handle repairs and tires.","Service done at manufacturer intervals|Registration and insurance never lapse|Tires, fluids, and fuel checked before trips",
24,Birthday Celebrations (Other Kids),Out,Know which friends' birthdays are coming and what is expected.,"Calendar RSVPs, set a gift budget, and pick gifts and cards.","RSVP, buy, wrap, and get your child there.",RSVP sent on time|Gift bought and wrapped 2 days ahead|Card signed by your child,
25,Calendar Keeper,Out,"Own the shared view of the household's time, commitments, and conflicts.",Choose the calendar system and the weekly sync with your partner.,"Enter and update events, flag conflicts, and run the weekly review.",One shared calendar is the source of truth|Weekly sync happens|Conflicts flagged 48 hours ahead,
26,Cash & Bills,Out,Know when cash and bill-related errands are needed.,"Decide what runs on auto-pay versus manual, and keep small cash on hand for school, tips, and fees.","Withdraw cash, pay manual bills, and keep records.",Cash on hand for routine needs|Manual bills paid before the due date|Receipts kept where needed,
27,"Charity, Community Service & Good Deeds",Out,Decide which causes and acts of service matter to your family.,Set a giving budget and a volunteering calendar.,"Donate, sign up, show up, and track giving for taxes.",Giving plan agreed with partner|Donation receipts filed|Volunteer commitments honored,
28,Civic Engagement & Cultural Enrichment,Out,Decide how the family takes part in civic and cultural life.,"Track registration, voting deadlines, and cultural events worth attending.","Register, vote, buy tickets, and arrange outings.",Voter registration current|Voting plan made before each election|One cultural outing planned each season,
29,Electronics & IT,Out,"Know the household's devices, accounts, networks, and security needs.","Plan upgrades, backups, and password practices; document key settings.","Set up, update, troubleshoot, and secure devices and accounts.",Backups automatic and tested|Password manager in use|Router and devices kept updated|Issues fixed or escalated within 48 hours,
30,Extracurricular (Kids; Non-Sports),Out,Understand each child's interests and what is available.,"Research options, costs, schedules, and commitment level, and decide with your partner.","Register, pay, supply, and manage logistics.",Registered before deadlines|Schedule on the shared calendar|Supplies ready before the first session,
31,Extracurricular (Kids; Sports),Out,Understand each child's interest in sports and the season calendar.,"Choose leagues and teams; track schedules, fees, and gear needs.","Register, buy gear, handle forms and physicals, and coordinate with coaches.",Registration and physical forms done by deadline|Gear fitted before the first practice|Games and practices on the shared calendar,
32,"First Aid, Safety & Emergency",Out,Think ahead about what could go wrong at home and on the road.,"Build an emergency plan with contacts, supplies, and routes.","Stock kits, test alarms, run drills, and handle real incidents.",First-aid kit stocked and unexpired|Smoke and CO detectors tested twice a year|Emergency contacts posted|Plan reviewed annually,
33,Packing & Unpacking (Kids; Local),Out,"Know what the kids need for daily outings, sleepovers, and activities.",Create standard bags and checklists.,"Pack before leaving, then unpack and reset.",Bags packed the night before|Nothing left behind at drop-off|Bags unpacked and reset within a day,
34,Packing & Unpacking (Travel),Out,"Anticipate what each person needs for the trip: weather, activities, documents.",Build a packing list and a packing timeline.,"Pack, check documents, unpack, and do trip laundry.",List done 3 days before departure|Documents and chargers checked the night before|Unpacked and laundry started within 24 hours of return,
35,"Points, Miles & Coupons",Out,Know which rewards and discounts the household holds and when they expire.,Track accounts and expirations and decide what is worth pursuing.,"Redeem, clip, or apply them and keep records.",Expiring rewards used before the deadline|All accounts logged in one place,
36,Returns & Store Credits,Out,Remember what needs to go back and the return windows.,Track return deadlines and where items are staged.,"Package, return, and follow up on refunds or credits.",Returns made inside the window|Refunds confirmed received|Credits used or logged,
37,School Breaks (Kids; Non-Summer),Out,Know the school-break calendar and what the family will do for each break.,"Arrange care, camps, or trips ahead of time.","Book, pay, transport, and manage logistics.",Plan for each break set 6 weeks ahead|Care or activities booked before spots fill|Household calendar updated,
38,School Breaks (Kids; Summer),Out,Anticipate the summer gap and what the kids will do all day.,"Research camps and care, set a budget, and coordinate schedules.","Register, pay, pack, transport, and handle forms.",Summer plan set by spring|Registrations and forms in on time|Weekly summer schedule on the shared calendar,
39,School Forms (Kids),Out,Know the forms and deadlines the school sends throughout the year.,"Set up a system to receive, sort, and track forms.","Complete, sign, return, and pay for forms and requests.",Forms returned before the deadline|Digital and paper intake checked daily|Copies kept of important documents,
40,Social Plans (Couples),Out,Remember that the couple's social life needs deliberate attention.,"Decide with whom, how often, and what budget; make the plans.","Invite, schedule, arrange sitters, and show up.",At least one plan on the calendar each month|Sitter arranged ahead of time|RSVPs answered on time,
41,Transportation (Kids),Out,Map the kids' schedules and where they need to be.,Coordinate carpools and who drives when.,"Do the driving, pickups, and drop-offs reliably.",Kids arrive on time|Carpools confirmed in advance|Backup driver identified,
42,Travel,Out,"Decide where, when, and why the family travels.","Research, budget, book transport and lodging, and plan the itinerary.","Handle bookings, documents, trip logistics, and post-trip follow-up.",Travel documents valid before booking|Bookings within the agreed budget|Itinerary shared with partner|Insurance and emergency contacts confirmed,
43,Tutoring & Coaching (Kids),Out,Recognize when a child needs academic or skill support.,"Research providers, costs, and schedules, and talk with the child.","Book, pay, transport, and follow progress.",Provider vetted before starting|Sessions on the shared calendar|Progress reviewed each term,
44,Weekend Plans (Family),Out,Notice that weekends need intentional shaping.,Gather everyone's needs and set the plan by Thursday.,"Make reservations, pack, drive, and run the plan.",Plan set by Thursday|Everyone's must-dos accounted for|Reservations made ahead,
45,Bathing & Grooming (Kids),Caregiving,"Track hygiene needs by age: baths, hair, nails, teeth, skin.",Set routines and keep products and tools stocked.,"Do baths, haircare, nail trims, and grooming.",Baths on the agreed schedule|Nails trimmed regularly|Products stocked,
46,Bedtime Routine (Kids),Caregiving,Know each child's sleep needs and what makes bedtime work.,"Set the routine, timing, and rules.","Run bath, pajamas, teeth, story, and lights out.",In bed by the agreed time|Same sequence each night|Screens off before bed,
47,Birth Control,Caregiving,Recognize that family planning is shared and needs a deliberate decision.,"Choose a method together, schedule appointments, and track refills.","Attend appointments, fill prescriptions, and follow the chosen method consistently.",Method agreed by both partners|Appointments and refills never lapse|Backup plan in place,
48,Clothes & Accessories (Kids),Caregiving,"Track growth, seasons, and what each child needs.",Plan seasonal wardrobe reviews and budget; buy ahead and manage hand-me-downs.,"Shop, label, sort, pass on or donate, and replace.","Wardrobe check twice a year|Kids have properly fitting, weather-ready clothes|Outgrown items removed",
49,Dental (Kids),Caregiving,Know when checkups and cleanings are due and what each child needs.,Choose a dentist and schedule recurring visits.,"Book, take the child, follow up on treatment, and enforce daily care.",Checkups every 6 months|Follow-up treatment scheduled within 2 weeks|Dentist contacts accessible to both partners,
50,Diapering & Potty Training (Kids),Caregiving,Watch for readiness signs and the supplies needed.,Plan the approach and keep it consistent across caregivers.,"Change diapers, run training routines, and handle accidents.",Supplies never run out|Consistent approach across caregivers|Accidents handled calmly and cleaned up,
51,Estate Planning & Life Insurance,Caregiving,Recognize the need to protect the family if the worst happens.,"Choose an attorney or advisor and decide guardians, beneficiaries, and coverage.","Complete documents, review beneficiaries, and update after life changes.",Wills and guardianship documented|Beneficiaries reviewed annually|Documents stored where both partners can reach them,
52,Friendships & Social Media (Kids),Caregiving,Pay attention to each child's friendships and online life.,"Set social and online rules, and learn the apps and friends.","Host, supervise, set limits, and talk with the child.",You know the child's friends and apps|Family online rules agreed by both|Regular check-ins about online life,
53,Grooming & Wardrobe (Player 1),Caregiving,Own your grooming and clothing needs.,"Budget and schedule haircuts, appointments, and wardrobe replacements.",Keep your own appointments and do your own shopping.,Appointments kept without reminders|Clothes in working order,Each partner holds their own copy of this card
54,Grooming & Wardrobe (Player 2),Caregiving,Own your grooming and clothing needs.,"Budget and schedule haircuts, appointments, and wardrobe replacements.",Keep your own appointments and do your own shopping.,Appointments kept without reminders|Clothes in working order,Each partner holds their own copy of this card
55,Health Insurance,Caregiving,"Know your coverage, deadlines, and open-enrollment windows.","Compare plans, track deductibles, and organize paperwork.","Enroll, update, file claims, appeal denials, and keep records.",Open enrollment completed on time|Insurance cards accessible to both partners|Claims followed up within 30 days,
56,"Homework, Projects & School Supplies (Kids)",Caregiving,Understand what each child needs to complete schoolwork.,"Set the routine, keep supplies on hand, and plan big projects.","Supervise, help, and buy supplies; handle project crunches.",Homework time and space set|Supplies on hand|Big projects started with time to spare,
57,Medical & Healthy Living (Kids),Caregiving,"Track each child's health, appointments, vaccines, and wellness habits.","Choose providers, schedule checkups, and plan healthy routines.","Book and attend appointments, handle illness, and manage medications and forms.",Checkups and vaccines current|Medications logged and given correctly|Pediatrician contacts accessible to both partners,
58,Morning Routine (Kids),Caregiving,Understand what each child needs to get out the door.,Set the routine and prep the night before.,"Wake, dress, feed, and get the kids out on time.",Everyone out the door on time|Bags and shoes ready the night before,
59,Parents & In-Laws,Caregiving,"Stay aware of each parent's needs, health, and important dates.","Plan regular contact, visits, and family communication.","Call, visit, help with errands, and coordinate with siblings.",Regular contact on an agreed rhythm|Important dates remembered|Support needs raised early,
60,Pets,Caregiving,"Know each pet's needs: food, exercise, vet care, grooming, and boarding.","Schedule vet visits, vaccines, and prevention treatments; arrange boarding.","Feed, walk, clean up, and take the pet to appointments.",Fed and walked on schedule|Vet visits and vaccines current|Boarding or sitter arranged for travel,
61,School Service (Kids),Caregiving,Know the volunteer and service expectations at your child's school.,Choose what the family can commit to and calendar it.,"Sign up, show up, and follow through.",Commitments made are kept|Commitments calendared in advance,
62,School Transitions (Kids),Caregiving,"Anticipate big changes: a new school, grade, or program.","Research, tour, apply, and prepare the child.","Complete applications, attend orientations, and support the adjustment.",Deadlines tracked ahead of time|Tours and orientations completed|Child's feelings talked through,
63,Self-Care (Player 1),Caregiving,Recognize what you need to stay healthy and resilient.,"Schedule time for exercise, rest, medical care, and recovery.",Show up for your own care.,Protected time for rest and exercise|Own health appointments kept|Partner covers home duties without penalty,Each partner holds their own copy of this card
64,Self-Care (Player 2),Caregiving,Recognize what you need to stay healthy and resilient.,"Schedule time for exercise, rest, medical care, and recovery.",Show up for your own care.,Protected time for rest and exercise|Own health appointments kept|Partner covers home duties without penalty,Each partner holds their own copy of this card
65,Special Needs & Mental Health (Kids),Caregiving,"Notice a child's developmental, learning, or emotional needs.",Seek evaluations and resources and build a care team and plan.,"Attend appointments, advocate at school, and carry out recommended supports.",Support plan written down|Providers and school coordinated|Both partners kept informed,
66,Teacher Communication (Kids),Caregiving,Know what the teacher needs to hear and what you should hear back.,Set the communication channel and cadence.,"Respond to messages, attend conferences, and follow up.",Teacher messages answered within 1-2 school days|Conferences attended|Concerns followed up on,
67,Adult Friendships (Player 1),Magic,Remember that your own friendships matter to your health and your marriage.,Plan regular time with friends.,Show up for friend time.,Regular friend time on the calendar|Partner covers home duties without penalty,Each partner holds their own copy of this card
68,Adult Friendships (Player 2),Magic,Remember that your own friendships matter to your health and your marriage.,Plan regular time with friends.,Show up for friend time.,Regular friend time on the calendar|Partner covers home duties without penalty,Each partner holds their own copy of this card
69,Birthday Celebrations (Your Kids),Magic,Think about what would make each child's birthday feel special.,"Pick the format, date, guest list, venue, and budget.","Send invitations, buy cake and supplies, host, and clean up.",Invitations out 3 weeks ahead|Cake and supplies secured before the day|Budget respected,
70,Discipline & Screen Time (Kids),Magic,Notice behavior patterns and where boundaries are needed.,"Agree with your partner on rules, consequences, and screen-time limits.",Enforce the rules consistently and follow through.,Rules written down and shared by both partners|Consequences applied consistently|Rules revisited as kids age,
71,Extended Family,Magic,Remember the relatives who matter and the ties worth keeping.,"Calendar birthdays, visits, and gatherings.","Call, invite, and show up.",Key relatives' birthdays remembered|Gatherings planned ahead,
72,Fun! & Playing (Kids),Magic,Notice that the family needs regular play.,Plan recurring fun time and special outings.,Show up and play.,Regular family fun time scheduled|Phones away during play,
73,Gestures of Love (Kids),Magic,Look for small ways to make each child feel seen.,"Plan notes, treats, and surprises ahead.",Do the thoughtful thing at the right moment.,One meaningful gesture each week|Gesture planned ahead rather than improvised,
74,Gifts (Family),Magic,Pay attention to what family members would love.,"Track occasions and budgets, and shop ahead.","Buy, wrap, and deliver gifts and cards.",Gifts bought before the week of the occasion|Cards signed and sent on time|Budget respected,
75,Gifts (VIPs),Magic,"Remember the teachers, coaches, and neighbors worth thanking.","Pick occasions and budgets, and keep a small gift stash.","Buy, wrap, and deliver.",Annual gifts for teachers and coaches done on time|Cards handwritten,
76,Hard Questions (Kids),Magic,"Be ready for tough questions about bodies, death, relationships, and more.",Research age-appropriate answers and align with your partner.,Answer honestly and calmly when the moment comes.,Questions answered rather than deflected|Partners aligned on key messages,
77,Holiday Cards,Magic,"Decide whether, how, and to whom you send holiday cards.",Update the address list and pick the photo and design.,"Take the photo, order, address, and send.",Address list current|Cards mailed before the agreed date,
78,Holidays,Magic,Decide how the family celebrates and which traditions matter.,"Plan menus, decor, travel, hosting, and schedules.","Prepare, decorate, cook, host, and clean up.",Plan agreed well before each holiday|Decorations and supplies ready on time,
79,Informal Education (Kids),Magic,Think about the life skills and experiences you want each child to have.,Choose skills and milestones for each age.,Teach and practice with the child.,A new skill taught each season|Practice time scheduled,
80,Magical Beings (Kids),Magic,"Decide which traditions you will keep (tooth fairy, Santa, and so on).",Plan the details ahead of time.,Make the magic happen on cue.,Supplies on hand in advance|Never forgotten,
81,Marriage & Romance,Magic,Remember that the relationship needs deliberate attention.,Plan date nights and kid-free time around both calendars.,"Arrange the sitter, book, and show up.",Regular date night on the calendar|Plans fit both partners' schedules,
82,Middle-of-the-Night Comfort (Kids),Magic,"Be ready for wake-ups, bad dreams, and illness.",Agree on a rotation or system.,Get up and comfort the child.,Agreed rotation honored|Child settled and back in bed,
83,Partner Coach,Magic,Notice when your partner could use help thinking through work or goals.,Make time to listen and advise.,"Give feedback, brainstorm, and edit.",Regular check-ins|Support offered in both directions,
84,Showing Up & Participating (Kids),Magic,Know which kid events matter most.,Calendar the events and clear your schedule.,Show up and participate.,Key events attended|Attendance shared fairly between partners,
85,Spirituality,Magic,Decide what role faith or spirituality plays in the family.,"Plan services, rituals, and education with your partner.","Attend, organize, and practice.",Approach agreed with partner|Chosen practices maintained,
86,Thank-You Notes,Magic,Notice when gratitude is due.,Keep stationery on hand and track gifts and kindnesses.,Write and send the notes.,Notes sent within 2 weeks|Stationery and addresses on hand,
87,Values & Good Deeds (Kids),Magic,Decide which values you want to teach.,Pick activities and traditions that reflect them.,Do them with the kids consistently.,Regular service or values activity|Values discussed as a family,
88,Watching (Kids),Magic,"Recognize that kids need eyes-on attention, not just a nearby adult.",Plan who is on duty and when.,Stay present with phone down.,On duty means attentive|Handoffs are explicit,
89,Aging/Ailing Parent,Wild,Recognize when a parent needs more support.,"Gather information, discuss options, share duties with siblings, and plan costs.","Coordinate care, appointments, finances, and visits.",Care plan written down|Roles with siblings clear|Partner informed of the load,Situational card: deal in when the event happens
90,Death,Wild,Be prepared for the practical and emotional needs after a loss.,"Plan logistics: notifications, services, legal tasks, and support for kids.","Handle arrangements, communication, and follow-through.",Key documents located|Duties shared between partners|Kids supported,Situational card: deal in when the event happens
91,First Year of Infant's Life,Wild,Recognize that the first year is intense and needs extra planning.,"Plan feeding, sleep, appointments, leave, and help.","Handle night shifts, feedings, and logistics.",Night duties shared|Appointments tracked|Help arranged,Situational card: deal in when the event happens
92,Glitch in the Matrix / Daily Disruption,Wild,"Notice when plans break (sick kid, school closure, snow day).",Agree on a backup plan in advance.,Step in and cover.,Backup plan exists|Handoff happens without argument,Situational card: deal in when the event happens
93,Home Renovation,Wild,Define the scope and goals.,"Budget, choose contractors, and set a timeline.","Manage the project, decisions, and payments.",Written scope and budget|Contractors vetted|Weekly check-ins,Situational card: deal in when the event happens
94,Job Loss & Money Problems,Wild,Recognize the financial and emotional impact.,"Build a plan: budget cuts, benefits, job search, and support.",Carry out the plan and keep communicating.,Shared budget revision|Weekly check-in|Benefits and insurance handled,Situational card: deal in when the event happens
95,Moving,Wild,"Define the move: why, when, and where.","Plan the timeline, budget, packing, and movers.","Pack, move, unpack, and update addresses.",Timeline set|Address changes done|Essentials boxed first,Situational card: deal in when the event happens
96,New Job,Wild,Recognize that a new job changes the household's schedule.,Re-plan routines and duties.,Put the new arrangement into practice.,Duties renegotiated within 2 weeks|Review after a month,Situational card: deal in when the event happens
97,Serious Illness,Wild,Recognize that illness changes everything.,"Coordinate care, finances, and household duties.","Handle appointments, caregiving, and daily needs.",Clear roles|Support network engaged|Arrangement reviewed regularly,Situational card: deal in when the event happens
98,Welcoming a Child into the Home,Wild,"Anticipate the changes a child brings (birth, adoption, fostering).","Plan leave, care, budget, and home prep.","Prepare the home, handle paperwork, and provide care.",Home ready ahead of time|Paperwork complete|Duties redealt,Situational card: deal in when the event happens
99,Unicorn Space (Player 1),Unicorn Space,Know what makes you uniquely you beyond your roles.,Carve out recurring time and resources for it.,Show up for it.,Protected recurring time|No guilt or penalty from partner,Each partner holds their own copy of this card
100,Unicorn Space (Player 2),Unicorn Space,Know what makes you uniquely you beyond your roles.,Carve out recurring time and resources for it.,Show up for it.,Protected recurring time|No guilt or penalty from partner,Each partner holds their own copy of this card
